LIBNAME,ADDRESS,CITY,ZIP
FT. MCDOWELL YAVAPAI NATION TRIBAL LIBRARY,16708 N FORT MCDOWELL RD,FORT MCDOWELL,85264
KAIBAB PAIUTE TRIBAL LIBRARY,1 N PIPE SPRINGS RD,FREDONIA,86022
SAN LUCY LIBRARY,1125 C ST,GILA BEND,85337
HOPI PUBLIC LIBRARY,"1 MAIN ST, C/O HOPI EDUCATION DEPT",KYKOTSMOVI,86039
AK-CHIN INDIAN COMMUNITY LIBRARY,46521 W FARRELL RD,MARICOPA,85139
AVA ICH ASIIT TRIBAL LIBRARY,1605 PLANTATION RD,MOHAVE VALLEY,86440
COLORADO RIVER INDIAN TRIBES LIBRARY/ARCHIVES,26600 MOHAVE RD,PARKER,85344
THE EDWARD MCELWAIN MEMORIAL LIBRARY,460 HUALAPAI WAY,PEACH SPRINGS,86434
YAVAPAI-PRESCOTT TRIBAL LIBRARY,530 E MERRITT ST,PRESCOTT,86301
IRA H. HAYES MEMORIAL LIBRARY,94 N CHURCH ST,SACATON,85147
SAN CARLOS PUBLIC LIBRARY,89 SAN CARLOS AVE,SAN CARLOS,85550
SALT RIVER TRIBAL LIBRARY,11725 E INDIAN SCHOOL RD,SCOTTSDALE,85256
VENITO GARCIA LIBRARY AND ARCHIVES,"MAIN ST, TRIBAL BLDG",SELLS,85634
COCOPAH TRIBAL LIBRARY,14250 S AVE I,SOMERTON,85350
SAN XAVIER LEARNING CENTER LIBRARY,1960 W WA:K LANE,TUCSON,85746
DR. FERNANDO ESCALANTE TRIBAL LIBRARY,5100 W CALLE TETAKUSIM,TUCSON,85757
WHITERIVER PUBLIC LIBRARY,100 E WALNUT ST,WHITERIVER,85941
OFFICE OF NAVAJO NATION LIBRARY,"HWY 264, POST OFFICE LOOP RD",WINDOW ROCK,86515